{"entities":{"pages":{"安装":{"id":"安装","title":"开始使用","url":"安装.html","level":0,"tabIndex":0},"Starter":{"id":"Starter","title":"Dio接口监听","url":"starter.html","level":0,"tabIndex":1},"Hive缓存工具":{"id":"Hive缓存工具","title":"Hive 缓存查看工具","url":"hive缓存工具.html","level":0,"tabIndex":2},"Shared_preferences":{"id":"Shared_preferences","title":"shared_preferences工具","url":"shared-preferences.html","level":0,"tabIndex":3},"参数类型内联显示":{"id":"参数类型内联显示","title":"参数类型内联显示","url":"参数类型内联显示.html","level":0,"tabIndex":4},"Riverpod-Widget-Tool":{"id":"Riverpod-Widget-Tool","title":"Riverpod Widget Tool","url":"riverpod-widget-tool.html","level":0,"tabIndex":5},"第三方包工具":{"id":"第三方包工具","title":"第三方包工具","url":"第三方包工具.html","level":0,"tabIndex":6},"generate":{"id":"generate","title":"自动生成.g,.freezed语句","url":"generate.html","level":0,"tabIndex":7},"还有更多功能文档编写中":{"id":"还有更多功能文档编写中","title":"还有更多功能文档编写中","url":"还有更多功能文档编写中.html","level":0,"tabIndex":8}}},"topLevelIds":["安装","Starter","Hive缓存工具","Shared_preferences","参数类型内联显示","Riverpod-Widget-Tool","第三方包工具","generate","还有更多功能文档编写中"]}