{"entities":{"pages":{"安装":{"id":"安装","title":"开始使用","url":"安装.html","level":0,"tabIndex":0},"-evqsjm_3":{"id":"-evqsjm_3","title":"Dio","level":0,"pages":["Starter","接口信息截图"],"tabIndex":1},"Starter":{"id":"Starter","title":"Dio接口监听","url":"starter.html","level":1,"parentId":"-evqsjm_3","tabIndex":0},"接口信息截图":{"id":"接口信息截图","title":"接口信息截图","url":"接口信息截图.html","level":1,"parentId":"-evqsjm_3","tabIndex":1},"-evqsjm_4":{"id":"-evqsjm_4","title":"Shared_p","level":0,"pages":["Shared_preferences"],"tabIndex":2},"Shared_preferences":{"id":"Shared_preferences","title":"shared_preferences工具","url":"shared-preferences.html","level":1,"parentId":"-evqsjm_4","tabIndex":0},"-evqsjm_5":{"id":"-evqsjm_5","title":"Hive","level":0,"pages":["Hive缓存工具"],"tabIndex":3},"Hive缓存工具":{"id":"Hive缓存工具","title":"Hive 缓存查看工具","url":"hive缓存工具.html","level":1,"parentId":"-evqsjm_5","tabIndex":0},"-evqsjm_6":{"id":"-evqsjm_6","title":"Riverpod","level":0,"pages":["Riverpod-Widget-Tool"],"tabIndex":4},"Riverpod-Widget-Tool":{"id":"Riverpod-Widget-Tool","title":"Riverpod Widget Tool","url":"riverpod-widget-tool.html","level":1,"parentId":"-evqsjm_6","tabIndex":0},"-evqsjm_7":{"id":"-evqsjm_7","title":"Freezed","level":0,"pages":["freezed-3-x版本迁移工具","Json-to-Freezed","generate","Freezed-Class-Tool-Menu"],"tabIndex":5},"freezed-3-x版本迁移工具":{"id":"freezed-3-x版本迁移工具","title":"freezed 3.x版本迁移工具","url":"freezed-3-x版本迁移工具.html","level":1,"parentId":"-evqsjm_7","tabIndex":0},"Json-to-Freezed":{"id":"Json-to-Freezed","title":"Json to Freezed","url":"json-to-freezed.html","level":1,"parentId":"-evqsjm_7","tabIndex":1},"generate":{"id":"generate","title":"自动生成.g,.freezed语句","url":"generate.html","level":1,"parentId":"-evqsjm_7","tabIndex":2},"Freezed-Class-Tool-Menu":{"id":"Freezed-Class-Tool-Menu","title":"Freezed Class Tool Menu","url":"freezed-class-tool-menu.html","level":1,"parentId":"-evqsjm_7","tabIndex":3},"-evqsjm_8":{"id":"-evqsjm_8","title":"Dart File","level":0,"pages":["资产文件路径检查功能","资产字符串快速打开文件","资产图片预览功能","Project-Library-scan","参数类型内联显示"],"tabIndex":6},"资产文件路径检查功能":{"id":"资产文件路径检查功能","title":"资产文件路径检查功能","url":"资产文件路径检查功能.html","level":1,"parentId":"-evqsjm_8","tabIndex":0},"资产字符串快速打开文件":{"id":"资产字符串快速打开文件","title":"资产字符串快速打开文件","url":"资产字符串快速打开文件.html","level":1,"parentId":"-evqsjm_8","tabIndex":1},"资产图片预览功能":{"id":"资产图片预览功能","title":"资产图片预览功能","url":"资产图片预览功能.html","level":1,"parentId":"-evqsjm_8","tabIndex":2},"Project-Library-scan":{"id":"Project-Library-scan","title":"Project Library scan","url":"project-library-scan.html","level":1,"parentId":"-evqsjm_8","tabIndex":3},"参数类型内联显示":{"id":"参数类型内联显示","title":"参数类型内联显示","url":"参数类型内联显示.html","level":1,"parentId":"-evqsjm_8","tabIndex":4},"-evqsjm_9":{"id":"-evqsjm_9","title":"Pubspec.yaml","level":0,"pages":["不再更新的三方包检测","第三方包工具"],"tabIndex":7},"不再更新的三方包检测":{"id":"不再更新的三方包检测","title":"不再更新的三方包检测","url":"不再更新的三方包检测.html","level":1,"parentId":"-evqsjm_9","tabIndex":0},"第三方包工具":{"id":"第三方包工具","title":"第三方包工具","url":"第三方包工具.html","level":1,"parentId":"-evqsjm_9","tabIndex":1},"-evqsjm_10":{"id":"-evqsjm_10","title":"Other","level":0,"pages":["flutter3-29-0安卓迁移gradle工具","ios-17-隐私扫描工具","flutter新版本检测"],"tabIndex":8},"flutter3-29-0安卓迁移gradle工具":{"id":"flutter3-29-0安卓迁移gradle工具","title":"flutter3.29.0安卓迁移gradle工具","url":"flutter3-29-0安卓迁移gradle工具.html","level":1,"parentId":"-evqsjm_10","tabIndex":0},"ios-17-隐私扫描工具":{"id":"ios-17-隐私扫描工具","title":"ios 17 隐私扫描工具","url":"ios-17-隐私扫描工具.html","level":1,"parentId":"-evqsjm_10","tabIndex":1},"flutter新版本检测":{"id":"flutter新版本检测","title":"flutter新版本检测","url":"flutter新版本检测.html","level":1,"parentId":"-evqsjm_10","tabIndex":2},"-evqsjm_11":{"id":"-evqsjm_11","title":"Assets","level":0,"pages":["资产预览","资产生成类调用"],"tabIndex":9},"资产预览":{"id":"资产预览","title":"资产预览","url":"资产预览.html","level":1,"parentId":"-evqsjm_11","tabIndex":0},"资产生成类调用":{"id":"资产生成类调用","title":"资产生成类调用","url":"资产生成类调用.html","level":1,"parentId":"-evqsjm_11","tabIndex":1},"-evqsjm_12":{"id":"-evqsjm_12","title":"设置","level":0,"pages":["riverpod","快速打开子目录文件夹","Links","内联资产显示"],"tabIndex":10},"riverpod":{"id":"riverpod","title":"riverpod","url":"riverpod.html","level":1,"parentId":"-evqsjm_12","tabIndex":0},"快速打开子目录文件夹":{"id":"快速打开子目录文件夹","title":"快速打开子目录文件夹","url":"快速打开子目录文件夹.html","level":1,"parentId":"-evqsjm_12","tabIndex":1},"Links":{"id":"Links","title":"Links","url":"links.html","level":1,"parentId":"-evqsjm_12","tabIndex":2},"内联资产显示":{"id":"内联资产显示","title":"内联资产显示","url":"内联资产显示.html","level":1,"parentId":"-evqsjm_12","tabIndex":3},"打赏":{"id":"打赏","title":"打赏","url":"打赏.html","level":0,"tabIndex":11}}},"topLevelIds":["安装","-evqsjm_3","-evqsjm_4","-evqsjm_5","-evqsjm_6","-evqsjm_7","-evqsjm_8","-evqsjm_9","-evqsjm_10","-evqsjm_11","-evqsjm_12","打赏"]}